-- MySQL dump 10.13  Distrib 8.0.45, for Linux (aarch64)
--
-- Host: localhost    Database: SchoolDB
-- ------------------------------------------------------
-- Server version	8.0.45

/*!40101 SET @OLD_CHARACTER_SET_CLIENT=@@CHARACTER_SET_CLIENT */;
/*!40101 SET @OLD_CHARACTER_SET_RESULTS=@@CHARACTER_SET_RESULTS */;
/*!40101 SET @OLD_COLLATION_CONNECTION=@@COLLATION_CONNECTION */;
/*!50503 SET NAMES utf8mb4 */;
/*!40103 SET @OLD_TIME_ZONE=@@TIME_ZONE */;
/*!40103 SET TIME_ZONE='+00:00' */;
/*!40014 SET @OLD_UNIQUE_CHECKS=@@UNIQUE_CHECKS, UNIQUE_CHECKS=0 */;
/*!40014 SET @OLD_FOREIGN_KEY_CHECKS=@@FOREIGN_KEY_CHECKS, FOREIGN_KEY_CHECKS=0 */;
/*!40101 SET @OLD_SQL_MODE=@@SQL_MODE, SQL_MODE='NO_AUTO_VALUE_ON_ZERO' */;
/*!40111 SET @OLD_SQL_NOTES=@@SQL_NOTES, SQL_NOTES=0 */;

--
-- Current Database: `SchoolDB`
--

CREATE DATABASE /*!32312 IF NOT EXISTS*/ `SchoolDB` /*!40100 DEFAULT CHARACTER SET utf8mb4 COLLATE utf8mb4_0900_ai_ci */ /*!80016 DEFAULT ENCRYPTION='N' */;

USE `SchoolDB`;

--
-- Table structure for table `Children`
--

DROP TABLE IF EXISTS `Children`;
/*!40101 SET @saved_cs_client     = @@character_set_client */;
/*!50503 SET character_set_client = utf8mb4 */;
CREATE TABLE `Children` (
  `child_id` int NOT NULL AUTO_INCREMENT,
  `first_name` varchar(100) NOT NULL,
  `last_name` varchar(100) NOT NULL,
  `birth_date` date NOT NULL,
  `year_of_entry` year NOT NULL,
  `age` int NOT NULL,
  `institution_id` int NOT NULL,
  `class_id` int NOT NULL,
  PRIMARY KEY (`child_id`),
  UNIQUE KEY `uq_child_identity` (`first_name`,`last_name`,`birth_date`),
  KEY `fk_children_institution` (`institution_id`),
  KEY `fk_children_class` (`class_id`),
  CONSTRAINT `fk_children_class` FOREIGN KEY (`class_id`) REFERENCES `Classes` (`class_id`) ON DELETE RESTRICT ON UPDATE CASCADE,
  CONSTRAINT `fk_children_institution` FOREIGN KEY (`institution_id`) REFERENCES `Institutions` (`institution_id`) ON DELETE RESTRICT ON UPDATE CASCADE
) ENGINE=InnoDB AUTO_INCREMENT=131 DEFAULT CHARSET=utf8mb4 COLLATE=utf8mb4_0900_ai_ci;
/*!40101 SET character_set_client = @saved_cs_client */;

--
-- Dumping data for table `Children`
--

LOCK TABLES `Children` WRITE;
/*!40000 ALTER TABLE `Children` DISABLE KEYS */;
INSERT INTO `Children` VALUES (1,'Дмитро','Ткаченко','2010-01-02',2021,16,1,1),(2,'Артем','Петренко','2010-01-03',2022,16,1,1),(3,'Михайло','Захарченко','2010-01-04',2023,16,1,1),(4,'Кирило','Коваль','2010-01-05',2024,16,1,1),(5,'Олена','Романенко','2010-01-06',2020,16,1,1),(6,'Кирило','Коваль','2010-01-07',2022,16,1,2),(7,'Олена','Романенко','2010-01-08',2023,16,1,2),(8,'Наталія','Сидоренко','2010-01-09',2024,16,1,2),(9,'Марія','Бондаренко','2010-01-10',2020,16,1,2),(10,'Дарина','Поліщук','2010-01-11',2021,16,1,2),(11,'Марія','Бондаренко','2010-01-12',2023,16,1,3),(12,'Дарина','Поліщук','2010-01-13',2024,16,1,3),(13,'Катерина','Савченко','2010-01-14',2020,16,1,3),(14,'Андрій','Шевченко','2010-01-15',2021,16,1,3),(15,'Дмитро','Ткаченко','2010-01-16',2022,16,1,3),(16,'Андрій','Шевченко','2010-01-17',2024,16,1,4),(17,'Дмитро','Ткаченко','2010-01-18',2020,16,1,4),(18,'Артем','Петренко','2010-01-19',2021,16,1,4),(19,'Михайло','Захарченко','2010-01-20',2022,16,1,4),(20,'Кирило','Коваль','2010-01-21',2023,16,1,4),(21,'Михайло','Захарченко','2010-01-22',2020,16,1,5),(22,'Кирило','Коваль','2010-01-23',2021,16,1,5),(23,'Олена','Романенко','2010-01-24',2022,16,1,5),(24,'Наталія','Сидоренко','2010-01-25',2023,16,1,5),(25,'Марія','Бондаренко','2010-01-26',2024,15,1,5),(26,'Наталія','Сидоренко','2010-01-27',2021,15,1,6),(27,'Марія','Бондаренко','2010-01-28',2022,15,1,6),(28,'Дарина','Поліщук','2010-01-29',2023,15,1,6),(29,'Катерина','Савченко','2010-01-30',2024,15,1,6),(30,'Андрій','Шевченко','2010-01-31',2020,15,1,6),(31,'Катерина','Савченко','2010-02-01',2022,15,1,7),(32,'Андрій','Шевченко','2010-02-02',2023,15,1,7),(33,'Дмитро','Ткаченко','2010-02-03',2024,15,1,7),(34,'Артем','Петренко','2010-02-04',2020,15,1,7),(35,'Михайло','Захарченко','2010-02-05',2021,15,1,7),(36,'Артем','Петренко','2010-02-06',2023,15,1,8),(37,'Михайло','Захарченко','2010-02-07',2024,15,1,8),(38,'Кирило','Коваль','2010-02-08',2020,15,1,8),(39,'Олена','Романенко','2010-02-09',2021,15,1,8),(40,'Наталія','Сидоренко','2010-02-10',2022,15,1,8),(41,'Олена','Романенко','2010-02-11',2024,15,1,9),(42,'Наталія','Сидоренко','2010-02-12',2020,15,1,9),(43,'Марія','Бондаренко','2010-02-13',2021,15,1,9),(44,'Дарина','Поліщук','2010-02-14',2022,15,1,9),(45,'Катерина','Савченко','2010-02-15',2023,15,1,9),(46,'Дарина','Поліщук','2010-02-16',2020,15,1,10),(47,'Катерина','Савченко','2010-02-17',2021,15,1,10),(48,'Андрій','Шевченко','2010-02-18',2022,15,1,10),(49,'Дмитро','Ткаченко','2010-02-19',2023,15,1,10),(50,'Артем','Петренко','2010-02-20',2024,15,1,10),(51,'Дмитро','Ткаченко','2010-02-21',2021,15,2,11),(52,'Артем','Петренко','2010-02-22',2022,15,2,11),(53,'Михайло','Захарченко','2010-02-23',2023,15,2,11),(54,'Кирило','Коваль','2010-02-24',2024,15,2,11),(55,'Олена','Романенко','2010-02-25',2020,15,2,11),(56,'Кирило','Коваль','2010-02-26',2022,15,2,12),(57,'Олена','Романенко','2010-02-27',2023,15,2,12),(58,'Наталія','Сидоренко','2010-02-28',2024,15,2,12),(59,'Марія','Бондаренко','2010-03-01',2020,15,2,12),(60,'Дарина','Поліщук','2010-03-02',2021,15,2,12),(61,'Марія','Бондаренко','2010-03-03',2023,15,2,13),(62,'Дарина','Поліщук','2010-03-04',2024,15,2,13),(63,'Катерина','Савченко','2010-03-05',2020,15,2,13),(64,'Андрій','Шевченко','2010-03-06',2021,15,2,13),(65,'Дмитро','Ткаченко','2010-03-07',2022,15,2,13),(66,'Андрій','Шевченко','2010-03-08',2024,15,2,14),(67,'Дмитро','Ткаченко','2010-03-09',2020,15,2,14),(68,'Артем','Петренко','2010-03-10',2021,15,2,14),(69,'Михайло','Захарченко','2010-03-11',2022,15,2,14),(70,'Кирило','Коваль','2010-03-12',2023,15,2,14),(71,'Михайло','Захарченко','2010-03-13',2020,15,2,15),(72,'Кирило','Коваль','2010-03-14',2021,15,2,15),(73,'Олена','Романенко','2010-03-15',2022,15,2,15),(74,'Наталія','Сидоренко','2010-03-16',2023,15,2,15),(75,'Марія','Бондаренко','2010-03-17',2024,15,2,15),(76,'Наталія','Сидоренко','2010-03-18',2021,15,2,16),(77,'Марія','Бондаренко','2010-03-19',2022,15,2,16),(78,'Дарина','Поліщук','2010-03-20',2023,15,2,16),(79,'Катерина','Савченко','2010-03-21',2024,15,2,16),(80,'Андрій','Шевченко','2010-03-22',2020,15,2,16),(81,'Катерина','Савченко','2010-03-23',2022,15,2,17),(82,'Андрій','Шевченко','2010-03-24',2023,15,2,17),(83,'Дмитро','Ткаченко','2010-03-25',2024,15,2,17),(84,'Артем','Петренко','2010-03-26',2020,15,2,17),(85,'Михайло','Захарченко','2010-03-27',2021,15,2,17),(86,'Артем','Петренко','2010-03-28',2023,15,2,18),(87,'Михайло','Захарченко','2010-03-29',2024,15,2,18),(88,'Кирило','Коваль','2010-03-30',2020,15,2,18),(89,'Олена','Романенко','2010-03-31',2021,15,2,18),(90,'Наталія','Сидоренко','2010-04-01',2022,15,2,18),(91,'Олена','Романенко','2010-04-02',2024,15,2,19),(92,'Наталія','Сидоренко','2010-04-03',2020,15,2,19),(93,'Марія','Бондаренко','2010-04-04',2021,15,2,19),(94,'Дарина','Поліщук','2010-04-05',2022,15,2,19),(95,'Катерина','Савченко','2010-04-06',2023,15,2,19),(96,'Дарина','Поліщук','2010-04-07',2020,15,2,20),(97,'Катерина','Савченко','2010-04-08',2021,15,2,20),(98,'Андрій','Шевченко','2010-04-09',2022,15,2,20),(99,'Дмитро','Ткаченко','2010-04-10',2023,15,2,20),(100,'Артем','Петренко','2010-04-11',2024,15,2,20),(101,'Дмитро','Ткаченко','2019-04-12',2023,6,3,21),(102,'Артем','Петренко','2019-04-13',2024,6,3,21),(103,'Михайло','Захарченко','2019-04-14',2025,6,3,21),(104,'Кирило','Коваль','2019-04-15',2023,6,3,21),(105,'Олена','Романенко','2019-04-16',2024,6,3,21),(106,'Наталія','Сидоренко','2019-04-17',2025,6,3,21),(107,'Марія','Бондаренко','2019-04-18',2023,6,3,21),(108,'Дарина','Поліщук','2019-04-19',2024,6,3,21),(109,'Катерина','Савченко','2019-04-20',2025,6,3,21),(110,'Андрій','Шевченко','2019-04-21',2023,6,3,21),(111,'Дмитро','Ткаченко','2019-04-22',2024,6,3,21),(112,'Артем','Петренко','2019-04-23',2025,6,3,21),(113,'Михайло','Захарченко','2019-04-24',2023,6,3,21),(114,'Кирило','Коваль','2019-04-25',2024,6,3,21),(115,'Олена','Романенко','2019-04-26',2025,6,3,21),(116,'Катерина','Савченко','2019-04-27',2024,6,3,22),(117,'Андрій','Шевченко','2019-04-28',2025,6,3,22),(118,'Дмитро','Ткаченко','2019-04-29',2023,6,3,22),(119,'Артем','Петренко','2019-04-30',2024,6,3,22),(120,'Михайло','Захарченко','2019-05-01',2025,6,3,22),(121,'Кирило','Коваль','2019-05-02',2023,6,3,22),(122,'Олена','Романенко','2019-05-03',2024,6,3,22),(123,'Наталія','Сидоренко','2019-05-04',2025,6,3,22),(124,'Марія','Бондаренко','2019-05-05',2023,6,3,22),(125,'Дарина','Поліщук','2019-05-06',2024,6,3,22),(126,'Катерина','Савченко','2019-05-07',2025,6,3,22),(127,'Андрій','Шевченко','2019-05-08',2023,6,3,22),(128,'Дмитро','Ткаченко','2019-05-09',2024,6,3,22),(129,'Артем','Петренко','2019-05-10',2025,6,3,22),(130,'Михайло','Захарченко','2019-05-11',2023,6,3,22);
/*!40000 ALTER TABLE `Children` ENABLE KEYS */;
UNLOCK TABLES;

--
-- Table structure for table `Classes`
--

DROP TABLE IF EXISTS `Classes`;
/*!40101 SET @saved_cs_client     = @@character_set_client */;
/*!50503 SET character_set_client = utf8mb4 */;
CREATE TABLE `Classes` (
  `class_id` int NOT NULL AUTO_INCREMENT,
  `class_name` varchar(100) NOT NULL,
  `institution_id` int NOT NULL,
  `direction` enum('Mathematics','Biology and Chemistry','Language Studies') NOT NULL,
  PRIMARY KEY (`class_id`),
  UNIQUE KEY `uq_class_inst_name` (`institution_id`,`class_name`),
  CONSTRAINT `fk_classes_institution` FOREIGN KEY (`institution_id`) REFERENCES `Institutions` (`institution_id`) ON DELETE RESTRICT ON UPDATE CASCADE
) ENGINE=InnoDB AUTO_INCREMENT=23 DEFAULT CHARSET=utf8mb4 COLLATE=utf8mb4_0900_ai_ci;
/*!40101 SET character_set_client = @saved_cs_client */;

--
-- Dumping data for table `Classes`
--

LOCK TABLES `Classes` WRITE;
/*!40000 ALTER TABLE `Classes` DISABLE KEYS */;
INSERT INTO `Classes` VALUES (1,'1-А',1,'Mathematics'),(2,'2-А',1,'Biology and Chemistry'),(3,'3-А',1,'Language Studies'),(4,'4-А',1,'Mathematics'),(5,'5-А',1,'Biology and Chemistry'),(6,'6-А',1,'Language Studies'),(7,'7-А',1,'Mathematics'),(8,'8-А',1,'Biology and Chemistry'),(9,'9-А',1,'Language Studies'),(10,'10-А',1,'Mathematics'),(11,'1-А',2,'Mathematics'),(12,'2-А',2,'Biology and Chemistry'),(13,'3-А',2,'Language Studies'),(14,'4-А',2,'Mathematics'),(15,'5-А',2,'Biology and Chemistry'),(16,'6-А',2,'Language Studies'),(17,'7-А',2,'Mathematics'),(18,'8-А',2,'Biology and Chemistry'),(19,'9-А',2,'Language Studies'),(20,'10-А',2,'Mathematics'),(21,'Група 1',3,'Language Studies'),(22,'Група 2',3,'Mathematics');
/*!40000 ALTER TABLE `Classes` ENABLE KEYS */;
UNLOCK TABLES;

--
-- Table structure for table `Institutions`
--

DROP TABLE IF EXISTS `Institutions`;
/*!40101 SET @saved_cs_client     = @@character_set_client */;
/*!50503 SET character_set_client = utf8mb4 */;
CREATE TABLE `Institutions` (
  `institution_id` int NOT NULL AUTO_INCREMENT,
  `institution_name` varchar(255) NOT NULL,
  `institution_type` enum('School','Kindergarten') NOT NULL,
  `address` varchar(255) NOT NULL,
  PRIMARY KEY (`institution_id`),
  UNIQUE KEY `uq_institution_name` (`institution_name`)
) ENGINE=InnoDB AUTO_INCREMENT=4 DEFAULT CHARSET=utf8mb4 COLLATE=utf8mb4_0900_ai_ci;
/*!40101 SET character_set_client = @saved_cs_client */;

--
-- Dumping data for table `Institutions`
--

LOCK TABLES `Institutions` WRITE;
/*!40000 ALTER TABLE `Institutions` DISABLE KEYS */;
INSERT INTO `Institutions` VALUES (1,'Ліцей «Дніпровський» №23','School','Дніпро, вул. Франка, 6'),(2,'Київська гімназія №101','School','Київ, вул. Лесі Українки, 7'),(3,'ДНЗ «Сонечко»','Kindergarten','Львів, просп. Перемоги, 8');
/*!40000 ALTER TABLE `Institutions` ENABLE KEYS */;
UNLOCK TABLES;

--
-- Table structure for table `Parent_Children`
--

DROP TABLE IF EXISTS `Parent_Children`;
/*!40101 SET @saved_cs_client     = @@character_set_client */;
/*!50503 SET character_set_client = utf8mb4 */;
CREATE TABLE `Parent_Children` (
  `parent_id` int NOT NULL,
  `child_id` int NOT NULL,
  `tuition_fee` decimal(10,2) NOT NULL,
  PRIMARY KEY (`parent_id`,`child_id`),
  KEY `fk_pc_child` (`child_id`),
  CONSTRAINT `fk_pc_child` FOREIGN KEY (`child_id`) REFERENCES `Children` (`child_id`) ON DELETE CASCADE ON UPDATE CASCADE,
  CONSTRAINT `fk_pc_parent` FOREIGN KEY (`parent_id`) REFERENCES `Parents` (`parent_id`) ON DELETE CASCADE ON UPDATE CASCADE
) ENGINE=InnoDB DEFAULT CHARSET=utf8mb4 COLLATE=utf8mb4_0900_ai_ci;
/*!40101 SET character_set_client = @saved_cs_client */;

--
-- Dumping data for table `Parent_Children`
--

LOCK TABLES `Parent_Children` WRITE;
/*!40000 ALTER TABLE `Parent_Children` DISABLE KEYS */;
INSERT INTO `Parent_Children` VALUES (1,1,1800.00),(1,2,4000.00),(2,3,2200.00),(2,4,2500.00),(3,5,2500.00),(3,6,2500.00),(4,7,1800.00),(4,8,3500.00),(5,9,2500.00),(5,10,3500.00),(6,11,3000.00),(6,12,3000.00),(7,13,1800.00),(7,14,2500.00),(8,15,2200.00),(8,16,2800.00),(9,17,2800.00),(9,18,2500.00),(10,19,2800.00),(10,20,4000.00),(11,21,2000.00),(11,22,2000.00),(12,23,4000.00),(12,24,2500.00),(13,25,2000.00),(13,26,1500.00),(14,27,1800.00),(14,28,1800.00),(15,29,2800.00),(15,30,1500.00),(16,31,1800.00),(16,32,2500.00),(17,33,2200.00),(17,34,3000.00),(18,35,3000.00),(18,36,3500.00),(19,37,1800.00),(19,38,1800.00),(20,39,2800.00),(20,40,2000.00),(21,41,1800.00),(21,42,3500.00),(22,43,4000.00),(22,44,2200.00),(23,45,2500.00),(23,46,3500.00),(24,47,2200.00),(24,48,3500.00),(25,49,2500.00),(25,50,4000.00),(26,51,2500.00),(26,52,1800.00),(27,53,1800.00),(27,54,1800.00),(28,55,2500.00),(28,56,2500.00),(29,57,1800.00),(29,58,1500.00),(30,59,2000.00),(30,60,3000.00),(31,61,1800.00),(31,62,4000.00),(32,63,1800.00),(32,64,3000.00),(33,65,3500.00),(33,66,2000.00),(34,67,4000.00),(34,68,3000.00),(35,69,3500.00),(35,70,2500.00),(36,71,3500.00),(36,72,3500.00),(37,73,3000.00),(37,74,3000.00),(38,75,1800.00),(38,76,2500.00),(39,77,3500.00),(39,78,3000.00),(40,79,2200.00),(40,80,3500.00),(41,81,3500.00),(41,82,1800.00),(42,83,2000.00),(42,84,3500.00),(43,85,2500.00),(43,86,3500.00),(44,87,1500.00),(44,88,3000.00),(45,89,3000.00),(45,90,1500.00),(46,91,2800.00),(46,92,2800.00),(47,93,3500.00),(47,94,2500.00),(48,95,2800.00),(48,96,2500.00),(49,97,4000.00),(49,98,2200.00),(50,99,1500.00),(50,100,4000.00),(51,101,3500.00),(51,102,2500.00),(52,103,1800.00),(52,104,3000.00),(53,105,1800.00),(53,106,1500.00),(54,107,2200.00),(54,108,2500.00),(55,109,1500.00),(55,110,1500.00),(56,111,4000.00),(56,112,2500.00),(57,113,4000.00),(57,114,2800.00),(58,115,2500.00),(58,116,1800.00),(59,117,1500.00),(59,118,2000.00),(60,119,2200.00),(60,120,1500.00),(61,121,2200.00),(61,122,2500.00),(62,123,4000.00),(62,124,2500.00),(63,125,2000.00),(63,126,2200.00),(64,127,2200.00),(64,128,2800.00),(65,129,2500.00),(65,130,2800.00);
/*!40000 ALTER TABLE `Parent_Children` ENABLE KEYS */;
UNLOCK TABLES;

--
-- Table structure for table `Parents`
--

DROP TABLE IF EXISTS `Parents`;
/*!40101 SET @saved_cs_client     = @@character_set_client */;
/*!50503 SET character_set_client = utf8mb4 */;
CREATE TABLE `Parents` (
  `parent_id` int NOT NULL AUTO_INCREMENT,
  `first_name` varchar(100) NOT NULL,
  `last_name` varchar(100) NOT NULL,
  PRIMARY KEY (`parent_id`)
) ENGINE=InnoDB AUTO_INCREMENT=66 DEFAULT CHARSET=utf8mb4 COLLATE=utf8mb4_0900_ai_ci;
/*!40101 SET character_set_client = @saved_cs_client */;

--
-- Dumping data for table `Parents`
--

LOCK TABLES `Parents` WRITE;
/*!40000 ALTER TABLE `Parents` DISABLE KEYS */;
INSERT INTO `Parents` VALUES (1,'Олександр','Мельник-1001'),(2,'Дмитро','Ткаченко-1002'),(3,'Максим','Козак-1003'),(4,'Артем','Петренко-1004'),(5,'Іван','Олійник-1005'),(6,'Михайло','Захарченко-1006'),(7,'Богдан','Коваленко-1007а'),(8,'Кирило','Коваль-1008'),(9,'Владислав','Кравченко-1009'),(10,'Олена','Романенко-1010'),(11,'Ірина','Лисенко-1011'),(12,'Наталія','Сидоренко-1012'),(13,'Оксана','Кучер-1013'),(14,'Марія','Бондаренко-1014а'),(15,'Софія','Мороз-1015'),(16,'Дарина','Поліщук-1016'),(17,'Аліна','Іваненко-1017'),(18,'Катерина','Савченко-1018'),(19,'Юлія','Гриценко-1019'),(20,'Андрій','Шевченко-1020'),(21,'Олександр','Мельник-1021а'),(22,'Дмитро','Ткаченко-1022'),(23,'Максим','Козак-1023'),(24,'Артем','Петренко-1024'),(25,'Іван','Олійник-1025'),(26,'Михайло','Захарченко-1026'),(27,'Богдан','Коваленко-1027'),(28,'Кирило','Коваль-1028а'),(29,'Владислав','Кравченко-1029'),(30,'Олена','Романенко-1030'),(31,'Ірина','Лисенко-1031'),(32,'Наталія','Сидоренко-1032'),(33,'Оксана','Кучер-1033'),(34,'Марія','Бондаренко-1034'),(35,'Софія','Мороз-1035а'),(36,'Дарина','Поліщук-1036'),(37,'Аліна','Іваненко-1037'),(38,'Катерина','Савченко-1038'),(39,'Юлія','Гриценко-1039'),(40,'Андрій','Шевченко-1040'),(41,'Олександр','Мельник-1041'),(42,'Дмитро','Ткаченко-1042а'),(43,'Максим','Козак-1043'),(44,'Артем','Петренко-1044'),(45,'Іван','Олійник-1045'),(46,'Михайло','Захарченко-1046'),(47,'Богдан','Коваленко-1047'),(48,'Кирило','Коваль-1048'),(49,'Владислав','Кравченко-1049а'),(50,'Олена','Романенко-1050'),(51,'Ірина','Лисенко-1051'),(52,'Наталія','Сидоренко-1052'),(53,'Оксана','Кучер-1053'),(54,'Марія','Бондаренко-1054'),(55,'Софія','Мороз-1055'),(56,'Дарина','Поліщук-1056а'),(57,'Аліна','Іваненко-1057'),(58,'Катерина','Савченко-1058'),(59,'Юлія','Гриценко-1059'),(60,'Андрій','Шевченко-1060'),(61,'Олександр','Мельник-1061'),(62,'Дмитро','Ткаченко-1062'),(63,'Максим','Козак-1063а'),(64,'Артем','Петренко-1064'),(65,'Іван','Олійник-1065');
/*!40000 ALTER TABLE `Parents` ENABLE KEYS */;
UNLOCK TABLES;

--
-- Dumping routines for database 'SchoolDB'
--
/*!40103 SET TIME_ZONE=@OLD_TIME_ZONE */;

/*!40101 SET SQL_MODE=@OLD_SQL_MODE */;
/*!40014 SET FOREIGN_KEY_CHECKS=@OLD_FOREIGN_KEY_CHECKS */;
/*!40014 SET UNIQUE_CHECKS=@OLD_UNIQUE_CHECKS */;
/*!40101 SET CHARACTER_SET_CLIENT=@OLD_CHARACTER_SET_CLIENT */;
/*!40101 SET CHARACTER_SET_RESULTS=@OLD_CHARACTER_SET_RESULTS */;
/*!40101 SET COLLATION_CONNECTION=@OLD_COLLATION_CONNECTION */;
/*!40111 SET SQL_NOTES=@OLD_SQL_NOTES */;

-- Dump completed on 2026-01-25 12:07:51
